{"cameraMode":{"drawMode":0,"name":"Shaded","section":"Shading Mode"},"sceneLighting":true,"audioPlay":false,"sceneViewState":{"showFog":true,"showMaterialUpdate":false,"showSkybox":true,"showFlares":true,"showImageEffects":true,"showParticleSystems":true},"in2DMode":false,"pivot":{"x":-1.4389216899871827,"y":1.5733344554901124,"z":0.3786964416503906},"rotation":{"x":-0.10987745970487595,"y":0.6931793689727783,"z":-0.10817638039588928,"w":-0.7040793895721436},"size":5.107395172119141,"orthographic":false}