{"cameraMode":{"drawMode":0,"name":"Shaded","section":"Shading Mode"},"sceneLighting":true,"audioPlay":false,"sceneViewState":{"showFog":true,"showMaterialUpdate":false,"showSkybox":false,"showFlares":true,"showImageEffects":true,"showParticleSystems":true},"in2DMode":false,"pivot":{"x":-1.8247337341308594,"y":0.679999828338623,"z":-0.6686840057373047},"rotation":{"x":0.31588053703308108,"y":0.510826587677002,"z":-0.20908670127391816,"w":0.771730363368988},"size":12.459362030029297,"orthographic":false}