{"cameraMode":{"drawMode":0,"name":"Shaded","section":"Shading Mode"},"sceneLighting":false,"audioPlay":false,"sceneViewState":{"showFog":true,"showMaterialUpdate":false,"showSkybox":false,"showFlares":true,"showImageEffects":true,"showParticleSystems":true},"in2DMode":false,"pivot":{"x":0.04466252028942108,"y":-0.005789950489997864,"z":0.0014610588550567628},"rotation":{"x":-0.03906858339905739,"y":-0.9516741037368774,"z":0.13654978573322297,"w":-0.27231234312057497},"size":0.39165204763412478,"orthographic":false}